<?xml version="1.0" encoding="UTF-8"?>
<project-private xmlns="http://www.netbeans.org/ns/project-private/1">
    <editor-bookmarks xmlns="http://www.netbeans.org/ns/editor-bookmarks/2" lastBookmarkId="0"/>
    <open-files xmlns="http://www.netbeans.org/ns/projectui-open-files/2">
        <group>
            <file>file:/C:/Users/ajayr/Documents/NetBeansProjects/Quizmanagement/src/studentDetails.java</file>
            <file>file:/C:/Users/ajayr/Documents/NetBeansProjects/Quizmanagement/src/successfullySubmited.java</file>
            <file>file:/C:/Users/ajayr/Documents/NetBeansProjects/Quizmanagement/src/quizExamStudent.java</file>
            <file>file:/C:/Users/ajayr/Documents/NetBeansProjects/Quizmanagement/src/Project/ConnectionProvider.java</file>
            <file>file:/C:/Users/ajayr/Documents/NetBeansProjects/Quizmanagement/src/addNewQuestion.java</file>
            <file>file:/C:/Users/ajayr/Documents/NetBeansProjects/Quizmanagement/src/login.java</file>
            <file>file:/C:/Users/ajayr/Documents/NetBeansProjects/Quizmanagement/src/updateQuestion.java</file>
            <file>file:/C:/Users/ajayr/Documents/NetBeansProjects/Quizmanagement/src/adminhome.java</file>
            <file>file:/C:/Users/ajayr/Documents/NetBeansProjects/Quizmanagement/src/deleteQuestion.java</file>
            <file>file:/C:/Users/ajayr/Documents/NetBeansProjects/Quizmanagement/src/index.java</file>
            <file>file:/C:/Users/ajayr/Documents/NetBeansProjects/Quizmanagement/src/instructionStudent.java</file>
            <file>file:/C:/Users/ajayr/Documents/NetBeansProjects/Quizmanagement/src/allStudentResult.java</file>
        </group>
    </open-files>
</project-private>
